,Period,Total Sunspot No.,Mean Sunspot No.,Storm Report No.
0,11/1-15,14,0.9333333333333333,38
1,11/16-30,0,0.0,17
2,12/1-15,0,0.0,6
3,12/16-31,47,2.9375,20
4,1/1-15,91,6.066666666666666,84
5,1/16-31,101,6.3125,11
6,2/1-14,6,0.42857142857142855,158
7,2/15-29,0,0.0,17
8,3/1-15,29,1.9333333333333333,39
9,3/16-31,17,1.0625,63
10,4/1-15,52,3.466666666666667,263
11,4/16-30,104,6.933333333333334,391
